index,variance of Wavelet Transformed image,skewness of Wavelet Transformed image,curtosis of Wavelet Transformed image,entropy of image,class
0,1.0135,8.4551,-1.672,-2.0815,0
1,1.8384,6.063,0.54723,0.51248,0
2,4.1757,10.2615,-3.8552,-4.3056,0
3,-3.0193,1.7775,0.73745,-0.45346,1
4,3.7798,-3.3109,2.6491,0.066365,0
5,-1.5219999999999998,-6.6383,5.7491,-0.10691,1
6,1.6408,4.2503,-4.9023,-2.6621,1
7,2.483,6.6155,-0.79287,-0.90863,0
8,-2.41,3.7433,-0.40215,-1.2953,1
9,0.5195,-3.2633,3.0895,-0.9849,0
10,3.3004,7.0811,-1.3258,0.22283000000000006,0
11,3.8244,-3.1081,2.4537,0.5202399999999999,0
12,1.0552,1.1857,-2.6411,0.11033,1
13,3.6244,1.4609,1.3501,1.9284,0
14,-1.8046,-6.8141,6.7019,1.1681,1
15,-1.2792,2.1376,-0.47584,-1.3974,1
16,0.38251,6.8121,1.8128,-0.61251,0
17,3.2718,1.7837,2.1161,0.61334,0
18,-3.5180000000000002,2.8763,0.1548,-1.2086,1
19,1.4806,7.6377,-2.7876,-1.0341,0
20,-6.9599,8.9931,0.2182,-4.572,1
21,-1.0401,9.3987,0.85998,-5.3336,0
22,0.33325,3.3108,-4.5081,-4.012,1
23,0.5706,-0.0248,1.2421,-0.5621,0
24,3.1219,-3.137,1.9259,-0.37458,0
25,-1.9177,11.6894,2.5454,-3.2763,0
26,4.1654,-3.4495,3.6430000000000002,1.0879,0
27,2.2504,3.5757,0.35273000000000004,0.2836,0
28,2.3066,3.5364,0.5755100000000001,0.41938,0
29,-1.4446,2.1438,-0.4724100000000001,-1.6677,1
30,-1.3946,2.3134,-0.44499,-1.4905,1
31,-1.6662,-0.30005,1.4238,0.024986,1
32,-2.5346,-0.7739199999999999,3.3602,0.00171,1
33,0.49665,5.527,1.7785,-0.47156,0
34,4.7181,10.0153,-3.9486,-3.8582,0
35,-3.1158,-8.6289,10.4403,0.97153,1
36,-0.071503,3.7412,-4.5415,-4.2526,1
37,2.2091,7.4556,-1.3284,-3.3021,0
38,3.1377,-4.1096,4.5701,0.98963,0
39,3.4916,8.5709,-3.0326,-0.59182,0
40,-6.5084,8.7696,0.23191,-3.937,1
41,4.0552,-2.4583,2.2806,1.0323,0
42,-0.9854,-6.6610000000000005,5.8245,0.5461,1
43,2.9856,7.2673,-0.409,-2.2431,0
44,-1.4904,-2.2183,1.6054,0.89394,1
45,-1.239,-6.541,4.8151,-0.033204000000000004,1
46,1.9409999999999998,0.46351,4.6472,1.0879,0
47,3.4647,-3.9172,3.9746,0.36119,0
48,0.92703,9.4318,-0.66263,-1.6728,0
49,-3.1875,-7.5756,11.8678,-0.57889,1
50,-2.9672,-13.2869,13.4727,-2.6271,1
51,-2.3361,11.9604,3.0835,-5.4435,0
52,-0.27068000000000003,3.2674,-3.5562,-3.0888,1
53,-2.2811,-0.85669,2.7185,0.044382,1
54,-2.8391,-6.63,10.4849,-0.42113,1
55,3.9771,11.1513,-3.9272,-4.3444,0
56,1.6406,3.5488,1.3964,-0.36424,0
57,2.1616,-6.8804,8.1517,-0.081048,0
58,-4.7462,3.1205,1.075,-1.2966,1
59,4.988,7.2052,-3.2846,-1.1608,0
60,1.0182,9.109,-0.62064,-1.7129,0
61,1.645,7.8612,-0.87598,-3.5569,0
62,0.3292,-4.4552,4.5718,-0.9888,0
63,3.4626,-4.449,3.5427,0.15429,0
64,-3.8894,-7.8322,9.8208,0.47498,1
65,-1.9725,2.8825,-2.3086,-2.3724,1
66,1.7619999999999998,4.3682,2.1384,0.75429,0
67,5.0452,3.8964,-1.4304,0.8629100000000001,0
68,-0.11716,0.60422,-0.38587,-0.059065,1
69,-0.16735,7.6274,1.2061,-3.6241,0
70,-1.4233,-0.98912,2.3586,0.39481,1
71,-3.3582,-7.2404,11.4419,-0.57113,1
72,2.9736,8.7944,-3.6359,-1.3754,0
73,-3.9933,2.6218,0.62863,-1.1595,1
74,2.5698,-4.4076,5.9856,0.078002,0
75,5.0185,8.5978,-2.9375,-1.281,0
76,1.5478,9.1814,-1.6326,-1.7375,0
77,0.017269999999999997,8.693,1.3989,-3.9668,0
78,4.0962,10.1891,-3.9323,-4.1827,0
79,0.75108,1.9161,-3.1098,-0.20518000000000006,1
80,1.208,4.0744,-4.7635,-2.6129,1
81,-0.12196,8.8068,0.94566,-4.2267,0
82,-0.33729000000000003,-0.64976,7.6659,0.72326,0
83,-3.5985,-13.6593,17.6052,-2.4927,1
84,5.1321,-0.031048000000000006,0.32616,1.1151,0
85,-0.38388,-1.0471,8.0514,0.49567,0
86,2.1265,6.8783,0.44784,-2.2224,0
87,4.0102,10.6568,-4.1388,-5.0646,0
88,3.5829,1.4423,1.0219,1.4008,0
89,-2.6406,-4.4159,5.983,-0.13924,1
90,-2.3242,11.5176,1.8231,-5.375,0
91,-2.2083,-9.1069,8.9991,-0.28406,1
92,-2.4953,11.1472,1.9353,-3.4638,0
93,0.4283,-0.94981,-1.0731,0.3211,1
94,-0.10648,-0.76771,7.7575,0.64179,0
95,-2.7769,-5.6967,5.9179,0.37671,1
96,-1.3931,1.5664,7.5382,0.78403,0
97,1.0235,6.901,-2.0062,-2.7125,0
98,1.1317,3.9647,3.3979,0.84351,0
99,-0.69745,-1.7672,-0.34474,-0.12372,1
100,3.8999,1.734,1.6011,0.96765,0
101,-2.1668,1.5933,0.045122,-1.6780000000000002,1
102,0.74521,3.6357,-4.4044,-4.1414,1
103,4.2586,11.2962,-4.0943,-4.3457,0
104,-1.1193,10.7271,2.0938,-5.6504,0
105,-2.1802,3.3791,-1.2256,-2.6621,1
106,3.4312,6.2637,-1.9513,-0.36165,0
107,-2.2482,3.0915,-2.3969,-2.6711,1
108,0.77765,5.9781,1.1941,-0.3526,0
109,0.15423,0.11794,-1.6823,0.59524,1
110,1.0607,2.4542,2.5188,-0.17027,0
111,0.12126,0.22347,-0.47327,0.97024,1
112,1.0284,9.767000000000001,-1.3687,-1.7853,0
113,2.3718,7.4908,0.015989,-1.7414,0
114,-2.2214,-0.23798,0.56008,0.056020000000000014,1
115,1.8994,0.97462,4.2265,0.81377,0
116,4.6464,10.5326,-4.5852,-4.206,0
117,-1.8584,7.886,-1.6643,-1.8384,0
118,3.0333,-2.5928,2.3183,0.303,0
119,5.0429,-0.52974,0.50439,1.1059999999999999,0
120,-1.2528,10.2036,2.1787,-5.6038,0
121,3.8584,0.78425,1.1033,1.7008,0
122,-5.119,6.6486,-0.049987,-6.5206,1
123,-0.1269,-1.1505,-0.95138,0.57843,1
124,3.946,6.8514,-1.5443,-0.5582,0
125,-2.7143,11.4535,2.1092,-3.9629,0
126,2.5989,3.5178,0.7623,0.81119,0
127,-3.8073,-8.0971,10.1772,0.65084,1
128,-1.4275,11.8797,0.41613,-6.9978,0
129,-6.4247,9.5311,0.022844,-6.8517,1
130,-1.0941,2.3072,-2.5237,-1.4453,1
131,-2.62,-6.8555,6.2169,-0.62285,1
132,3.0948,8.7324,-2.9007,-0.96682,0
133,3.8384,6.1851,-2.0439,-0.033204000000000004,0
134,4.0127,10.1477,-3.9366,-4.0728,0
135,4.1038,-4.8069,3.3491,-0.49225,0
136,-2.5084,-0.22763000000000005,1.4880000000000002,1.2069,1
137,-5.4414,7.2363,0.10938,-7.5642,1
138,2.4196,6.4665,-0.75688,0.228,0
139,-0.24037,-1.7837,2.135,1.2418,1
140,1.3349,6.1189,0.46497,0.49826,0
141,3.2585,-4.4614,3.8024,-0.15087,0
142,1.6019999999999999,6.1251,0.5292399999999999,0.4788600000000001,0
143,-1.5252,-6.2534,5.3524,0.59912,1
144,-0.025314,-0.17382999999999998,-0.11339,1.2198,1
145,-2.9883,0.31245,0.45041,0.068951,1
146,1.3183,1.9017,-3.3111,0.065071,1
147,4.6160000000000005,10.1788,-4.2185,-4.4245,0
148,-2.4115,-9.1359,9.3444,-0.65259,1
149,1.2999,2.5762,2.0107,-0.18967,0
150,4.0026,-3.5943,3.5573,0.26809,0
151,0.051979,7.0521,-2.0541,-3.1508,0
152,2.2429,-4.1427,5.2333,-0.40173,0
153,-4.0214,-12.8006,15.6199,-0.95647,1
154,-2.8829,3.8964,-0.1888,-1.1672,1
155,-0.55648,3.2136,-3.3085,-2.7965,1
156,-0.8734,1.6533,-2.1964,-0.78061,1
157,-3.9172,2.6652,0.78886,-0.7819,1
158,0.37637,-0.82358,0.7854300000000001,0.74524,1
159,2.4226,-4.5752,5.947,0.21507,0
160,1.04,-6.9321,8.2888,-1.2991,0
161,2.6881,6.0195,-0.4664100000000001,-0.6926800000000001,0
162,1.7748,-0.76978,5.5854,1.3039,0
163,0.12326,8.9848,-0.9351,-2.4332,0
164,2.6682,10.216000000000001,-3.4414,-4.0069,0
165,0.32444,10.067,-1.1982,-4.1284,0
166,1.1472,3.5985,1.9387,-0.4340600000000001,0
167,-0.28015,3.0729,-3.3857,-2.9155,1
168,3.4359,0.6621600000000001,2.1041,1.8922,0
169,5.0214,8.0764,-3.0515,-1.7155,0
170,1.9429,6.3961,0.092248,0.58102,0
171,1.7317,-0.34765,4.1905,-0.99138,0
172,0.025013,3.3998,-4.4327,-4.2655,1
173,2.4859999999999998,-0.99533,5.3404,-0.15475,0
174,5.2418,10.5388,-4.1174,-4.2797,0
175,-3.0866,-6.6362,10.5405,-0.8918200000000001,1
176,3.4246,-0.14693,0.80342,0.29136,0
177,-0.016103,9.7484,0.15394000000000002,-1.6134,0
178,1.9818,9.2621,-3.5210000000000004,-1.8719999999999999,0
179,-2.121,-0.055879999999999985,1.949,1.3530000000000002,1
180,-2.0545,-10.8679,9.4926,-1.4116,1
181,2.614,8.0081,-3.7258,-1.3069,0
182,-4.5046,-5.8126,10.8867,-0.52846,1
183,3.7758,7.1783,-1.5195,0.40128,0
184,-2.456,-0.24418,1.4041,-0.45863,1
185,3.2704,6.9321,-1.0456,0.23447,0
186,1.9265,7.7557,-0.16823,-3.0771,0
187,1.0191,2.33,4.9334,0.82929,0
188,-5.525,6.3258,0.8976799999999999,-6.6241,1
189,0.11805999999999997,0.39108,-0.98223,0.42843,1
190,3.4092,5.4049,-2.5228,-0.8995799999999999,0
191,-0.60975,-4.002,1.8471,0.6017,1
192,5.438,9.4669,-4.9417,-3.9202,0
193,0.94732,-0.57113,7.1903,-0.67587,0
194,2.2526,9.9636,-3.1749,-2.9944,0
195,-4.7331,-6.1789,11.388,-1.0741,1
196,1.7747,-6.4334,8.15,-0.89828,0
197,0.7225199999999999,-0.053811000000000005,5.6703,-1.3509,0
198,0.96708,3.8426,-4.9314,-4.1323,1
199,4.6361,-2.6611,2.8358,1.1991,0
200,2.3729,10.4726,-3.0087,-3.2013,0
201,1.0987,0.6394,5.989,-0.58277,0
202,-0.21394,-0.68287,0.096532,1.1965,1
203,3.0672,-4.4117,3.8238,-0.81682,0
204,4.4072,-0.070365,2.0416,1.1319,0
205,5.7403,-0.44284,0.38015,1.3763,0
206,-2.0631,-1.5147,1.219,0.44524,1
207,3.3299,0.91254,1.5806,0.39352,0
208,4.2134,-2.806,2.0116,0.6741199999999999,0
209,2.8672,10.0008,-3.2049,-3.1095,0
210,-0.062025,6.1975,1.099,-1.131,0
211,2.8969,0.70768,2.29,1.8663,0
212,4.4682,2.2907,0.95766,0.8305799999999999,0
213,3.245,6.63,-0.63435,0.8693700000000001,0
214,-1.4174,-2.2535,1.518,0.6198100000000001,1
215,0.27451,9.2186,-3.2863,-4.8448,0
216,-2.2501,3.3129,-0.88369,-2.8974,1
217,1.581,0.8690899999999999,-2.3138,0.8241200000000001,1
218,-0.7351,1.7361,-1.4938,-1.1582,1
219,5.1213,8.5565,-3.3917,-1.5474,0
220,3.1541,-5.1711,6.5991,0.57455,0
221,3.931,1.8541,-0.023425,1.2314,0
222,-2.2804,-0.30626,1.3347,1.3763,1
223,2.5227,2.2369,2.7236,0.79438,0
224,0.88992,2.2638,-3.1046,-0.11855,1
225,0.8135600000000001,9.1566,-2.1492,-4.1814,0
226,1.3562,3.2136,4.3465,0.78662,0
227,-2.9821,4.1986,-0.5898,-3.9642,1
228,4.1454,7.257000000000001,-1.9153,-0.8607799999999999,0
229,1.7425,3.6833,-4.0129,-1.7207,1
230,-1.1497,1.2954,7.7010000000000005,0.62627,0
231,4.8851,1.5995,-0.000291,1.6401,0
232,0.7376,4.8525,-4.7986,-5.6659,1
233,3.2697,-4.3414,3.6884,-0.29829,0
234,4.6499,7.6336,-1.9427,-0.37458,0
235,-0.46651,2.3383,-2.9812,-1.0431,1
236,2.0922,-6.81,8.4636,-0.60216,0
237,-2.3797,-1.4402,1.1273,0.16076,1
238,-6.3679,8.0102,0.4247,-3.2207,1
239,2.0962,2.4769,1.9379,-0.040962,0
240,-0.72068,-6.7583,5.8408,0.62369,1
241,0.40614,1.3492,-1.4501,-0.5594899999999999,1
242,3.3583,10.3567,-3.7301,-3.6991,0
243,1.6799,4.2068,-4.5398,-2.3931,1
244,2.9543,1.0759999999999998,0.64577,0.89394,0
245,1.7257,-4.4697,8.2219,-1.8073,0
246,-1.5572,-9.8808,8.1088,-1.0806,1
247,-0.10234,1.8189,-2.2169,-0.56725,1
248,-4.3967,4.9601,-0.6489199999999999,-5.4719,1
249,-3.3863,-12.9889,13.0545,-2.7202,1
250,-2.5701,-6.8452,8.9999,2.1353,1
251,5.7227,5.8312,-2.4097,-0.24527,0
252,-0.7869,9.5663,-3.7867,-7.5034,0
253,-0.75793,2.5349,-3.0464,-1.2629,1
254,-0.39816,5.9781,1.3912,-1.1621,0
255,1.8533,6.1458,1.0176,-2.0401,0
256,4.2772,2.4955,0.48554,0.36119,0
257,-2.6649,-12.812999999999999,12.6689,-1.9082,1
258,-3.1423,-13.0365,15.6773,-0.66165,1
259,-1.0292,-6.3879,5.5255,0.79955,1
260,3.9719,1.0367,0.75973,1.0013,0
261,3.9232,-3.2467,3.4579,0.83705,0
262,-3.8167,5.1401,-0.65063,-5.4306,1
263,-2.6864,-0.097265,0.61663,0.061192,1
264,0.5195,-3.2633,3.0895,-0.9849,0
265,-1.8391,-9.0883,9.2416,-0.10432,1
266,-1.2667,2.8183,-2.426,-1.8862,1
267,-2.9138,-9.4711,9.7668,-0.60216,1
268,4.6014,5.6264,-2.1235,0.19309,0
269,2.5068,1.1588,3.9249,0.12585,0
270,-4.5531,-12.5854,15.4417,-1.4983,1
271,-3.4605,2.6901,0.16165,-1.0224,1
272,-5.3857,9.1214,-0.41929,-5.9181,1
273,-0.7869,9.5663,-3.7867,-7.5034,0
274,-1.2846,3.2715,-1.7671,-3.2608,1
275,-1.0112,2.9984,-1.1664,-1.6185,1
276,-1.4375,-1.8624,4.026,0.5512699999999999,1
277,2.1059,7.6046,-0.47755,-1.8461,0
278,3.5288,0.71596,1.9507,1.9375,0
279,-2.8833,1.7713,0.6894600000000001,-0.4638,1
280,-3.9698,3.6812,-0.6000800000000001,-4.0133,1
281,3.6894,9.887,-4.0788,-4.3664,0
282,-1.6001,-9.5828,9.4044,0.08188200000000001,1
283,2.8033,9.0862,-3.3668,-1.0224,0
284,3.5358,6.7086,-0.81857,0.4788600000000001,0
285,1.5673,7.9274,-0.056842,-2.1694,0
286,-2.6286,0.18002,1.7956,0.97282,1
287,1.2746,8.8172,-1.5323,-1.7957,0
288,-0.2951,9.0489,-0.52725,-2.0789,0
289,-2.8619,4.5193,-0.58123,-4.2629,1
290,-2.4604,12.7302,0.91738,-7.6418,0
291,5.0297,-4.9704,3.5025,-0.23751,0
292,-3.6012,-6.5389,10.5234,-0.48967,1
293,-2.2918,-7.257000000000001,7.9597,0.9211,1
294,0.25035,9.3262,-3.6873,-6.2543,0
295,-1.6936,2.7852,-2.1835,-1.9276,1
296,-2.4349,-9.2497,8.9922,-0.5000100000000001,1
297,1.2138,8.7986,-2.1672,-0.74182,0
298,-0.77288,-7.4473,6.492000000000001,0.36119,1
299,-2.484,12.1611,2.8204,-3.7418,0
300,3.1896,5.7526,-0.18537,-0.30087,0
301,3.8023,-3.8696,4.044,0.95343,0
302,-2.0891,-0.48422,1.704,1.7435,1
303,-2.0042,-9.3676,9.3333,-0.10303,1
304,0.87256,9.2931,-0.7843,-2.1978,0
305,-1.6677,-7.1535,7.8929,0.96765,1
306,-3.5798,0.45937,2.3457,-0.45734,1
307,2.8521,9.171,-3.6461,-1.2047,0
308,0.20977,-0.46146,7.7267,0.90946,0
309,3.6667,4.302,0.55923,0.33791,0
310,0.6005,1.9327,-3.2888,-0.32415,1
311,1.1676,9.1566,-2.0867,-0.80647,0
312,3.7982,10.423,-4.1602,-4.9728,0
313,-2.7914,1.7734,6.7756,-0.39915,0
314,2.0153,0.4366100000000001,4.5864,-0.3151,0
315,0.95626,2.4728,4.4578,0.21636,0
316,-2.4835,-7.4494,6.8964,-0.64484,1
317,1.8799,2.4707,2.4931,0.37671,0
318,-0.98193,2.7956,-1.2341,-1.5668,1
319,-2.7338,0.45523,2.4391,0.21766,1
320,-0.83535,0.80494,-1.6411,-0.19225,1
321,-2.0046,-0.49457,1.3330000000000002,1.6543,1
322,0.19081,9.1297,-3.725,-5.8224,0
323,4.3937,0.35798,2.0416,1.2004,0
324,2.6718,5.6574,0.7297399999999999,-1.4892,0
325,-3.3458,-0.5049100000000001,2.6328,0.53705,1
326,-4.4779,7.3708,-0.31218,-6.7754,1
327,-0.95923,0.091039,6.2204,-1.4828,0
328,-1.8343,-6.5907,5.6429,0.54998,1
329,-1.9922,11.6542,2.6542,-5.2107,0
330,2.7831,10.9796,-3.557,-4.4039,0
331,-3.8483,-12.8047,15.6824,-1.281,1
332,-0.36372,3.0439,-3.4816,-2.7836,1
333,3.8417,10.0215,-4.2699,-4.9159,0
334,-2.7028,1.6327,0.83598,-0.091393,1
335,2.5559,3.3605,2.0321,0.26809,0
336,-1.9409,-8.6848,9.155,0.94049,1
337,4.5459,8.1674,-2.4586,-1.4621,0
338,-4.0025,-13.4979,17.6772,-3.3202,1
339,-3.0799,0.60836,2.7039,-0.23751,1
340,2.7213,7.05,-0.58808,0.41809,0
341,-0.7149399999999999,-4.4448,2.2241,0.49826,1
342,3.0242,-3.3378,2.5865,-0.54785,0
343,0.66018,10.3878,-1.4029,-3.9151,0
344,-5.0676,-5.1877,10.4266,-0.86725,1
345,1.5077,1.9596,-3.0584,-0.12243,1
346,3.9102,6.065,-2.4534,-0.68234,0
347,0.64215,3.1287,4.2933,0.6469600000000001,0
348,-0.6907800000000001,-0.5007699999999999,-0.35417,0.47498,1
349,4.6054,-4.0765,2.7587,0.31981,0
350,-2.9019999999999997,-7.6563,11.8318,-0.8426799999999999,1
351,4.0446,11.1741,-4.3582,-4.7401,0
352,-1.6386,3.3584,-1.7302,-3.5646,1
353,0.16358,-3.3584,1.3749,1.3569,1
354,0.89566,7.7763,-2.7473,-1.9353,0
355,0.44125,2.9487,4.3225,0.7155,0
356,-2.5724,-0.95602,2.7073,-0.16639,1
357,-1.8387,-6.301,5.6506,0.19567,1
358,-3.9297,-6.0816,10.0958,-1.0147,1
359,1.3638,-4.7759,8.4182,-1.8836,0
360,-1.5055,0.070346,6.8681,-0.50648,0
361,3.8644,3.7061,0.70403,0.35214,0
362,4.8077,2.2327,-0.26334,1.5534,0
363,4.0215,-2.7004,2.4957,0.36636,0
364,0.51947,-3.2633,3.0895,-0.98492,0
365,5.0691,0.21313,0.20278,1.2095,0
366,-2.286,-5.4484,5.8039,0.88231,1
367,0.045304,6.7334,1.0708,-0.9332,0
368,4.3846,-4.8794,3.3662,-0.029324,0
369,1.143,0.83391,5.4552,-0.56984,0
370,5.1731,3.9606,-1.983,0.40774,0
371,-0.81479,-5.7381,4.3919,0.3211,1
372,-0.001285,0.13863,-0.19651,0.008175,1
373,2.6606,3.1681,1.9619,0.18662,0
374,-4.4775,-13.0303,17.0834,-3.0345,1
375,1.9157,6.0816,0.23705,-2.0116,0
376,0.84546,3.4826,-3.6307,-1.3961,1
377,-3.5060000000000002,-12.5667,15.1606,-0.75216,1
378,1.1811,8.3847,-2.0567,-0.90345,0
379,1.2706,8.035,-0.19651,-2.1888,0
380,-0.5081600000000001,2.8680000000000003,-1.8108,-2.2612,1
381,0.1848,6.5079,2.0133,-0.8724200000000001,0
382,5.7456,10.1808,-4.7857,-4.3366,0
383,-0.87874,-2.2121,-0.051701,0.099985,1
384,1.5268,-5.5871,8.6564,-1.722,0
385,5.3063,5.2684,-2.8904,-0.5271600000000001,0
386,3.4819999999999998,-4.1634,3.5008,-0.078462,0
387,3.4669,6.87,-1.0568,-0.73147,0
388,0.94225,5.8561,1.8762,-0.32544,0
389,-0.40804,0.54214,-0.52725,0.6586,1
390,-1.7886,-6.3486,5.6154,0.42584,1
391,0.24835,7.6439,0.9885,-0.87371,0
392,-1.7104,-4.7780000000000005,6.2109,0.3974,1
393,4.4295,-2.3507,1.7048,0.90946,0
394,2.2634,-4.4862,3.6558,-0.61251,0
395,-2.1059,1.1815,-0.5332399999999999,-0.82716,1
396,1.3754,8.8793,-1.9136,-0.53751,0
397,-1.8782,-6.5865,4.8486,-0.021566,1
398,-2.2153,11.9625,0.078538,-7.7853,0
399,4.0552,0.40143,1.4563,0.6534300000000001,0
400,-1.1313,1.9037,7.5339,1.022,0
401,-2.0336,-1.4092,1.1582,0.36507,1
402,1.0117,0.9022,-2.3506,0.42714,1
403,-3.5801,-12.9309,13.1779,-2.5677,1
404,-1.7064,3.3088,-2.2829,-2.1978,1
405,-1.3968,-9.6698,9.4652,-0.34872,1
406,2.7744,6.8576,-1.0671,0.075416,0
407,2.5089,6.841,-0.029423,0.44912,0
408,0.26517,2.4066,-2.8416,-0.59958,1
409,3.6277,0.9829,0.68861,0.63403,0
410,0.6549699999999999,5.1815,1.0673,-0.42113,0
411,-3.3604,-0.32696,2.1324,0.6017,1
412,4.0632,3.5839999999999996,0.72545,0.39481,0
413,3.9479,-3.7723,2.883,0.019813,0
414,2.8237,2.8597,0.19678,0.57196,0
415,-1.2424,-1.7175,-0.52553,-0.21036,1
416,0.00312,-4.0061,1.7956,0.91722,1
417,4.9294,0.27727,0.20792,0.33662,0
418,2.6104,8.0081,-0.23592,-1.7608,0
419,0.11032,1.9741,-3.3668,-0.65259,1
420,0.6212,3.6771,-4.0771,-2.0711,1
421,3.1088,3.1122,0.80857,0.4336,0
422,5.9374,6.1664,-2.5905,-0.36553,0
423,-4.4018,-12.9371,15.6559,-1.6806,1
424,2.0466,2.03,2.1761,-0.083634,0
425,3.8117,10.1457,-4.0463,-4.5629,0
426,0.24261,0.57318,-1.9402,0.44007,1
427,2.5605,9.2683,-3.5913,-1.3559999999999999,0
428,0.009661,3.5612,-4.407,-4.4103,1
429,-0.092194,0.39315,-0.32846,-0.13794,1
430,-0.23356,3.2405,-3.0669,-2.7784,1
431,3.6077,6.8576,-1.1622,0.28231,0
432,1.7819,6.9176,-1.2744,-1.5759,0
433,1.0652,8.3682,-1.4004,-1.6509,0
434,3.5594,1.3078,1.291,1.6556,0
435,-3.5637,-8.3827,12.392999999999999,-1.2823,1
436,-2.7264,3.9213,-0.49212,-3.6371,1
437,4.0715,7.6398,-2.0824,-1.1698,0
438,3.1887,-3.4143,2.7742,-0.2026,0
439,1.8205,6.7562,0.009991,0.39481,0
440,4.1962,0.74493,0.8325600000000001,0.753,0
441,-1.7976,-6.7686,6.6753,0.89912,1
442,-1.2786,-2.4087,4.5735,0.47627,1
443,-1.8629,-0.84841,2.5377,0.097399,1
444,-2.2623,12.1177,0.28846,-7.7581,0
445,0.54777,10.3754,-1.5435,-4.1633,0
446,4.3848,-3.0729,3.0423,1.2741,0
447,3.3848,3.2674,0.90967,0.25128,0
448,4.8906,-3.3584,3.4202,1.0905,0
449,4.5707,7.2094,-3.2794,-1.4944,0
450,1.4378,0.66837,-2.0267,1.0271,1
451,-2.4621,2.7645,-0.62578,-2.8573,1
452,0.85574,0.008268000000000001,6.6042,-0.53104,0
453,3.2351,9.647,-3.2074,-2.5948,0
454,4.3684,9.6718,-3.9606,-3.1625,0
455,-2.0529,3.8385,-0.7954399999999999,-1.2138,1
456,-0.52645,-0.24832,-0.45613,0.41938,1
457,1.5691,6.3465,-0.1828,-2.4099,0
458,0.5734,9.1938,-0.9094,-1.8719999999999999,0
459,1.9105,8.871,-2.3386,-0.7560399999999999,0
460,-0.24745,1.9368,-2.4697,-0.80518,1
461,-1.9389,1.5706,0.045979,-1.122,1
462,1.1588,8.9331,-2.0807,-1.1272,0
463,0.27331,4.8773,-4.9194,-5.8198,1
464,2.9421,7.4101,-0.97709,-0.8840600000000001,0
465,-1.8554,-9.6035,7.7764,-0.97716,1
466,3.9994,0.90427,1.1693,1.6892,0
467,-4.211,-12.4736,14.9704,-1.3884,1
468,2.2517,-5.1422,4.2916,-1.2487,0
469,-2.0149,3.6874,-1.9385,-3.8918,1
470,-0.278,8.1881,-3.1338,-2.5276,0
471,-0.78689,9.5663,-3.7867,-7.5034,0
472,-0.17296,-1.1816,1.3818,0.7336,1
473,0.6005,0.99945,-2.2126,0.097399,1
474,0.17346,7.8695,0.26876,-3.7883,0
475,2.4008,9.3593,-3.3565,-3.3526,0
476,3.7321,-3.884,3.3577,-0.0060490000000000006,0
477,1.2616,4.4303,-1.3335,-1.7517,0
478,-1.0802,2.1996,-2.5862,-1.2759,1
479,-2.4725,-0.40145,1.4855,1.1189,1
480,0.93611,8.6413,-1.6351,-1.3043,0
481,4.2475,1.4816,-0.48355,0.95343,0
482,3.5982,7.1307,-1.3035,0.21248000000000006,0
483,-2.5373,-6.959,8.8054,1.5289,1
484,5.8782,5.9409,-2.8544,-0.60863,0
485,-1.2244,1.7485,-1.4801,-1.4181,1
486,1.1640000000000001,3.9130000000000003,-4.5544,-3.8672,1
487,0.066129,2.4914,-2.9401,-0.62156,1
488,-4.1244,3.7909,-0.6532,-4.1802,1
489,-0.74324,-0.32902,-0.42785,0.23317,1
490,0.67886,4.1199,-4.569,-4.1414,1
491,-1.8969,-6.7893,5.2761,-0.32544,1
492,2.0421,1.2436,4.2171,0.90429,0
493,3.7352,9.5911,-3.9032,-3.3487,0
494,-1.005,0.08483099999999999,-0.2462,0.45688,1
495,0.96414,5.6160000000000005,2.2138,-0.12500999999999998,0
496,2.7961,2.121,1.8385,0.38317,0
497,-0.53966,7.3273,0.46583,-1.4543,0
498,1.3087,4.9228,2.0013,0.22024,0
499,-4.2859,8.5234,3.1392,-0.91639,0
500,-0.49241,0.89392,-1.6283,-0.5685399999999999,1
501,4.0296,2.6756,0.80685,0.7167899999999999,0
502,-1.4217,11.6542,-0.057699,-7.1025,0
503,3.5862,-3.0957,2.8093,0.24481,0
504,-2.565,-5.7899,6.0122,0.046968,1
505,-2.2677,3.2964,-2.2563,-2.4642,1
506,-3.1273,-7.1121,11.3897,-0.083634,1
507,3.9262,6.0299,-2.0156,-0.06553099999999999,0
508,-0.64472,-4.6062,8.347000000000001,-2.7099,0
509,1.3566,4.2358,2.1341,0.3211,0
510,3.9166,10.2491,-4.0926,-4.4659,0
511,-3.4917,-12.1736,14.3689,-0.61639,1
512,-3.8552,3.5219,-0.38415,-3.8608,1
513,4.5597,-2.4211,2.6413,1.6168,0
514,0.8329200000000001,7.5404,0.65005,-0.92544,0
515,-1.5222,10.8409,2.7827,-4.0974,0
516,-3.7747,2.5162,0.83341,-0.30993000000000004,1
517,2.6799,3.1349,0.34073000000000003,0.5848899999999999,0
518,4.223,1.1319,0.72202,0.96118,0
519,-1.7015,-0.010356,-0.99337,-0.53104,1
520,-3.9934,5.8333,0.54723,-4.9379,1
521,2.0193,0.8235600000000001,4.6369,1.4202,0
522,5.2423,11.0272,-4.353,-4.1013,0
523,-1.4094,-2.1252,-0.10397,-0.19225,1
524,3.9529,-2.3548,2.3792,0.48274,0
525,-2.4941,3.5447,-1.3721,-2.8483,1
526,2.6562,10.7044,-3.3085,-4.0767,0
527,1.2262,0.89599,5.7568,-0.11596,0
528,-1.6637,3.2881,-2.2701,-2.2224,1
529,-1.3885,12.5026,0.69118,-7.5487,0
530,0.56953,7.6294,1.5754,-3.2233,0
531,-4.3876,-7.7267,11.9655,-1.4543,1
532,5.6084,10.3009,-4.8003,-4.3534,0
533,4.1349,6.1189,-2.4294,-0.19613,0
534,3.6941,-3.9482,4.2625,1.1577,0
535,-0.8954200000000001,2.0279,-2.3652,-1.2746,1
536,0.7049,0.17174,-1.7859,0.36119,1
537,-1.8584,7.886,-1.6643,-1.8384,0
538,-2.1979,-2.1252,1.7151,0.4517100000000001,1
539,1.8664,7.7763,-0.23849,-2.9634,0
540,2.0051,-6.8638,8.132,-0.2401,0
541,0.9297,-3.7971,4.6429,-0.2957,0
542,0.30081,0.17381,-1.7542,0.48921,1
543,-2.7419,11.4038,2.5394,-5.5793,0
544,1.5356,9.1772,-2.2718,-0.73535,0
545,-2.3409999999999997,12.3784,0.70403,-7.5836,0
546,-4.4861,-13.2889,17.3087,-3.2194,1
547,4.2406,-2.4852,1.608,0.7155,0
548,-1.5851,-2.1562,1.7082,0.9017,1
549,-2.5665,-6.8824,7.5416,0.7077399999999999,1
550,-1.9423,0.3766,-1.2898,-0.82458,1
551,3.82,10.9279,-4.0112,-5.0284,0
552,-3.8053,2.4273,0.6809,-1.0871,1
553,0.86816,10.2429,-1.4912,-4.0082,0
554,-3.6961,-13.6779,17.5795,-2.6181,1
555,-0.13144,-1.7775,8.3316,0.35214,0
556,2.0153,1.8479,3.1375,0.42843,0
557,0.5195,-3.2633,3.0895,-0.9849,0
558,3.9294,1.4112,1.8076,0.8978200000000001,0
559,-1.9881,0.99945,-0.28562,-0.70044,1
560,0.040498,8.5234,1.4461,-3.9306,0
561,0.030219,-1.0512,1.4024,0.77369,1
562,-3.3924,3.3564,-0.72004,-3.5233,1
563,1.6349,3.286,2.8753,0.08705399999999999,0
564,-2.1405,-0.16762,1.321,-0.20906,1
565,3.1836,7.2321,-1.0713,-2.5909,0
566,-2.3675,-0.43663,1.692,-0.43018,1
567,-1.1005,-7.2508,6.0139,0.36895,1
568,4.0932,5.4132,-1.8219,0.23576,0
569,-0.40857,3.0977,-2.9607,-2.6892,1
570,-1.4572,9.1214,1.7425,-5.1241,0
571,-0.16682,5.8974,0.49839,-0.70044,0
572,5.6272,10.0857,-4.2931,-3.8142,0
573,4.0972,0.46972,1.6671,0.91593,0
574,4.0405,0.5152399999999999,1.0279,1.1059999999999999,0
575,3.8905,-2.1521,2.6302,1.1047,0
576,-4.8861,7.0542,-0.17252,-6.959,1
577,2.2034,5.9947,0.53009,0.84998,0
578,-4.1958,-8.1819,12.1291,-1.6017,1
579,-0.82053,0.65181,-0.48869,-0.5271600000000001,1
580,1.0637,3.6957,-4.1594,-1.9379,1
581,3.4566,9.5228,-4.0112,-3.5944,0
582,0.66365,-0.045533,-0.18794,0.23447,1
583,3.7791,2.5762,1.3098,0.5655,0
584,3.2051,8.6889,-2.9033,-0.7819,0
585,0.26877,4.987,-5.1508,-6.3913,1
586,5.8519,5.3905,-2.4037,-0.061652,0
587,-1.1022,-5.8395,4.5641,0.68705,1
588,0.25943,5.0097,-5.0394,-6.3862,1
589,4.9249,0.68906,0.77344,1.2095,0
590,-0.86339,1.9348,-2.3729,-1.0897,1
591,-4.4996,3.4288,0.56265,-1.1672,1
592,1.162,10.2926,-1.2821,-4.0392,0
593,-1.6029,-0.38903,1.62,1.9103,1
594,4.8272,3.0687,0.68604,0.8073100000000001,0
595,-1.7713,-10.7665,10.2184,-1.0043,1
596,3.3577,-4.3062,6.0241,0.18274,0
597,-4.2887,-7.8633,11.8387,-1.8978,1
598,-3.8953,4.0392,-0.3019,-2.1836,1
599,0.26637,0.73252,-0.67891,0.03533,1
600,-0.24811,-0.17797000000000002,4.9068,0.15429,0
601,0.23874,2.0879,-3.3522,-0.6655300000000001,1
602,0.39559,6.8866,1.0588,-0.67587,0
603,0.3223,-0.8980799999999999,8.0883,0.69222,0
604,-1.8356,-6.7562,5.0585,-0.5504399999999999,1
605,-0.8471,3.1329,-3.0112,-2.9388,1
606,0.37984,0.70975,0.75716,-0.44441,0
607,0.5623199999999999,1.0015,-2.2726,-0.0060490000000000006,1
608,2.5678,3.5136,0.61406,-0.40691,0
609,-1.1188,3.3357,-1.3455,-1.9573,1
610,0.66191,9.6594,-0.28819,-1.6638,0
611,-1.8974,3.5074,-1.7842,-3.8491,1
612,-3.0731,-0.53181,2.3877,0.77627,1
613,-3.8858,-12.8461,12.7957,-3.1353,1
614,-0.16108,-6.4624,8.3573,-1.5216,0
615,4.8368,10.0132,-4.3239,-4.3276,0
616,-1.4781,0.14277,-1.1622,-0.48579,1
617,-6.651,6.7934,0.68604,-7.5887,1
618,3.1060000000000003,9.5414,-4.2536,-4.003,0
619,-1.3907,-1.3781,2.3055,-0.021566,1
620,3.8027,0.81529,2.1041,1.0245,0
621,1.7496,-0.1759,5.1827,1.2922,0
622,2.2596,-0.033118,4.7355,-0.2776,0
623,5.1776,8.2316,-3.2511,-1.5694,0
624,3.4776,8.811,-3.1886,-0.92285,0
625,-4.2333,4.9166,-0.49212,-5.3207,1
626,-2.4458,1.6285,-0.88541,-1.4802,1
627,-0.69572,8.6165,1.8419,-4.3289,0
628,-2.0962,-7.1059,6.6188,-0.33708,1
629,4.7072,8.2957,-2.5605,-1.4905,0
630,1.4896,3.4288,-4.0309,-1.4259,1
631,5.504,10.3671,-4.413,-4.0211,0
632,2.888,0.44696,4.5907,-0.24398000000000006,0
633,4.0047,0.45937,1.3621,1.6181,0
634,0.4736800000000001,3.3605,-4.5064,-4.0431,1
635,-3.9594,4.0289,-0.35845,-3.8957,1
636,3.7569999999999997,-5.4236,3.8255,-1.2526,0
637,2.1319,-2.0403,2.5574,-0.061652,0
638,2.9233,6.0464,-0.11168,-0.58665,0
639,0.93584,8.8855,-1.6831,-1.6599,0
640,1.7875,4.78,-5.1362,-3.2362,1
641,3.4667,-4.0724,4.2882,1.5418,0
642,1.6472,0.48213,4.7449,1.225,0
643,-1.9458,11.2217,1.9079,-3.4405,0
644,4.364,-3.1039,2.3757,0.78532,0
645,3.4642,10.6878,-3.4071,-4.109,0
646,0.52855,0.96427,4.0243,-1.0483,0
647,-1.3414,-2.0776,2.8093,0.60688,1
648,-2.5463,3.1101,-0.8322799999999999,-3.0358,1
649,1.3234,3.2964,0.2362,-0.11984000000000003,0
650,1.3049,-0.15521,6.4911,-0.75346,0
651,3.6582,5.6864,-1.7157,-0.23751,0
652,-5.1216,-5.3118,10.3846,-1.0612,1
653,0.062525,2.9301,-3.5467,-2.6737,1
654,-2.2173,1.4671,-0.7268899999999999,-1.1724,1
655,2.7206,9.0821,-3.3111,-0.96811,0
656,1.5099,0.039307,6.2332,-0.30346,0
657,0.5706,-0.024841,1.2421,-0.56208,0
658,-3.2238,2.7935,0.32274,-0.8607799999999999,1
659,4.3435,3.3295,0.83598,0.64955,0
660,-1.8215,2.7521,-0.7226100000000001,-2.353,1
661,-5.1661,8.0433,0.044265,-4.4983,1
662,-2.1333,1.5685,-0.084261,-1.7453,1
663,-0.37013,-5.553999999999999,4.7749,1.547,1
664,-3.8203,-13.0551,16.9583,-2.3052,1
665,2.9719,6.8369,-0.2702,0.71291,0
666,-1.7263,-6.0237,5.2419,0.29524,1
667,3.1452,5.825,-0.51439,-1.4944,0
668,3.5257,1.2829,1.9276,1.7991,0
669,-3.73,-12.9723,12.9817,-2.6839999999999997,1
670,-3.9411,-12.8792,13.0597,-3.3125,1
671,3.577,2.4004,1.8908,0.73231,0
672,1.1558,6.4003,1.5506,0.6961,0
673,-0.49948,1.7734,-2.2469,-0.68104,1
674,2.6213,5.7919,0.06568600000000001,-1.5759,0
675,2.6415,7.586,-0.28562,-1.6677,0
676,-1.7279,-6.841,8.9494,0.68058,1
677,2.0007,1.8644,2.6491,0.47369,0
678,-2.6479,10.1374,-1.331,-5.4707,0
679,-3.551,1.8955,0.1865,-2.4409,1
680,2.4527,2.9653,0.20021,-0.056479,0
681,0.7406699999999999,1.7299,-3.1963,-0.1457,1
682,0.3798,0.7098,0.7572,-0.4444,0
683,4.0713,10.4023,-4.1722,-4.7582,0
684,0.96788,7.1907,1.2798,-2.4565,0
685,-5.4901,9.1048,-0.38758,-5.9763,1
686,1.9340000000000002,-9e-06,4.816,-0.33967,0
687,2.7296,2.8701,0.5112399999999999,0.5099,0
688,1.9572,-5.1153,8.6127,-1.4297,0
689,-0.26654,-0.64562,-0.42014,0.89136,1
690,-2.9786,2.3445,0.52667,-0.40173,1
691,6.5633,9.8187,-4.4113,-3.2258,0
692,4.6352,-3.0087,2.6773,1.212,0
693,1.1644,3.8095,-4.9408,-4.0909,1
694,-1.6244,-6.3444,4.6575,0.16981,1
695,-0.30432,2.6528,-2.7756,-0.65647,1
696,0.20216,1.9182,-3.2828,-0.61768,1
697,-0.27802,8.1881,-3.1338,-2.5276,0
698,3.9663,10.1684,-4.1131,-4.6056,0
699,-3.4083,4.8587,-0.76888,-4.8668,1
700,4.1195,10.9258,-3.8929,-4.1802,0
701,5.0617,-0.35799000000000003,0.44698,0.99868,0
702,-3.793,-12.7095,12.7957,-2.825,1
703,-0.90784,-7.9026,6.7807,0.34179,1
704,0.007125,8.3661,0.50781,-3.8155,0
705,-4.2249,6.2699,0.15822,-5.5457,1
706,0.89512,4.7738,-4.8431,-5.5909,1
707,-4.8554,-5.9037,10.9818,-0.82199,1
708,-1.1391,1.8127,6.9144,0.70127,0
709,-2.0659,1.0512,-0.46298,-1.0974,1
710,2.5331,2.9135,-0.8220000000000001,-0.12243,0
711,-2.9498,-8.273,10.2646,1.1629,1
712,-2.258,-9.3263,9.3727,-0.85949,1
713,-5.6370000000000005,8.1261,0.13080999999999998,-5.0142,1
714,-1.6706,-2.09,1.584,0.71162,1
715,1.7939,-1.1174,1.5454,-0.26079,0
716,-0.41965,2.9094,-1.7859,-2.2069,1
717,-0.048008,-0.5607800000000001,7.7215,0.45299999999999996,0
718,1.8373,6.1292,0.8402700000000001,0.55257,0
719,1.5701,7.9129,0.29018,-2.1953,0
720,3.0009,5.8126,-2.2306,-0.6655300000000001,0
721,2.4287,9.3821,-3.2477,-1.4543,0
722,-1.5449,-10.1498,9.6152,-1.2332,1
723,-1.8076,-8.8131,8.7086,-0.21682,1
724,-0.97325,-6.4168,5.6026,1.0323,1
725,-2.3898,-0.78427,3.0141,0.76205,1
726,-1.2369,-1.6906,2.5180000000000002,0.51636,1
727,0.74054,0.36625,2.1992,0.48403,0
728,-4.8392,6.6755,-0.24278,-6.5775,1
729,-2.5419,-0.65804,2.6842,1.1952,1
730,2.9163,10.8306,-3.3437,-4.122,0
731,5.1129,-0.49871,0.62863,1.1189,0
732,2.5817,9.7546,-3.1749,-2.9957,0
733,3.9414,-3.2902,3.1674,1.0866,0
734,-0.36506,2.8928,-3.6461,-3.0603,1
735,-1.979,3.2301,-1.3575,-2.5819,1
736,3.2294,7.7391,-0.37816,-2.5405,0
737,-6.7526,8.8172,-0.061983,-3.725,1
738,3.6289,0.8132199999999999,1.6277,0.77627,0
739,1.6988,2.9094,2.9044,0.11033,0
740,0.5746100000000001,10.1105,-1.6917,-4.3922,0
741,3.6181,-3.7454,2.8273,-0.71208,0
742,4.052,-0.16555,0.45383,0.51248,0
743,-0.77995,3.2322,-3.282,-3.1004,1
744,4.3634,0.46351,1.4281,2.0202,0
745,2.0177,1.7982,-2.9581,0.2099,1
746,-1.6514,-8.4985,9.1122,1.2379,1
747,-0.8940899999999999,3.1991,-1.8219,-2.9452,1
748,-2.7083,-6.8266,7.5339,0.59007,1
749,-0.28696,3.1784,-3.5767,-3.1896,1
750,-0.77688,0.13036,-0.031137,-0.35389,1
751,-1.3066,0.25244,0.7623,1.7758,1
752,-0.036127,1.525,-1.4089,-0.76121,1
753,-5.2049,7.2589999999999995,0.070827,-7.3004,1
754,-2.0662,0.16967000000000002,-1.0054,-0.82975,1
755,4.0948,-2.9674,2.3689,0.75429,0
756,4.1529,-3.9358,2.8633,-0.017686,0
757,-3.2305,-7.2135,11.6433,-0.94613,1
758,-1.9667,11.8052,-0.40472,-7.8719,0
759,-0.55008,2.8659,-1.6488,-2.4319,1
760,-0.95403,1.9824,-2.3163,-1.1957,1
761,3.8832,6.4023,-2.432,-0.98363,0
762,-3.0,-9.1566,9.5766,-0.73018,1
763,3.6216,8.6661,-2.8073,-0.44699,0
764,-2.4365,3.6026,-1.4166,-2.8948,1
765,0.7712399999999999,9.0862,-1.2281,-1.4996,0
766,-0.51003,-0.23591,0.020273,0.76334,1
767,-3.8952,3.8157,-0.31304,-3.8194,1
768,3.7022,6.9942,-1.8511,-0.12889,0
769,-0.55355,-7.9233,6.7156,0.7439399999999999,1
770,-2.8957,-12.0205,11.9149,-2.7552,1
771,2.6648,10.754000000000001,-3.3994,-4.1685,0
772,2.3969,0.23589,4.8477,1.4369999999999998,0
773,2.4235,9.5332,-3.0789,-2.7746,0
774,0.49571,10.2243,-1.097,-4.0159,0
775,4.6439,-3.3729,2.5976,0.55257,0
776,4.1711,8.722000000000001,-3.0224,-0.5969899999999999,0
777,3.8962,-4.7904,3.3954,-0.53751,0
778,-3.8826,4.898,-0.92311,-5.0801,1
779,3.6575,7.2797,-2.2692,-1.1440000000000001,0
780,1.3451,0.23589,-1.8785,1.3258,1
781,-4.0786,2.9239,0.87026,-0.65389,1
782,1.8967,-2.5163,2.8093,-0.79742,0
783,0.87603,6.8141,0.84198,-0.17156,0
784,1.8114,7.6067,-0.9788,-2.4668,0
785,-0.41645,0.32487,-0.33617,-0.36036,1
786,-3.5895,-6.572,10.5251,-0.16380999999999998,1
787,-1.3659999999999999,0.18416,0.90539,1.5806,1
788,-0.9607,2.6963,-3.1226,-1.3121,1
789,-3.0265,-0.062088,0.68604,-0.055186,1
790,2.1721,-0.73874,5.4672,-0.7237100000000001,0
791,2.0139,6.1416,0.37929,0.56938,0
792,4.2969,7.617000000000001,-2.3874,-0.96164,0
793,3.9362,10.1622,-3.8235,-4.0172,0
794,0.5593899999999999,-0.3104,0.18307,0.44653,1
795,2.9742,8.96,-2.9024,-1.0379,0
796,-1.7063,2.7956,-2.378,-2.3491,1
797,-1.6162,0.80908,8.1628,0.60817,0
798,-2.4561,-4.5566,6.4534,-0.056479,1
799,-3.38,-0.7077,2.5325,0.71808,1
800,-0.77461,-1.8768,2.4023,1.1319,1
801,2.7161,-4.2006,4.1914,0.16981,0
802,-1.0833,-0.31247,1.2815,0.4129100000000001,1
803,-3.1366,0.42212,2.6225,-0.064238,1
804,3.866,-2.6383,1.9242,0.10645,0
805,-1.7101,-8.7903,7.9735,-0.45475,1
806,-4.0679,2.4955,0.79571,-1.1039,1
807,-3.0986,-10.4602,8.9717,-2.3427,1
808,-1.5732,1.0636,-0.71232,-0.8388,1
809,3.534,9.3614,-3.6316,-1.2461,0
810,4.6765,-3.3895,3.4896,1.4771,0
811,-0.39416,-0.020702,-0.06626699999999999,-0.44699,1
812,-1.8483,0.31038000000000004,0.77344,1.4189,1
813,1.5631,0.89599,-1.9702,0.65472,1
814,3.5251,0.7201,1.6928,0.6443800000000001,0
815,0.21084,9.4359,-0.094543,-1.859,0
816,3.7935,7.9853,-2.5477,-1.8719999999999999,0
817,3.2692,3.4184,0.20706,-0.066824,0
818,-0.539,-5.167000000000001,3.4399,0.052141,1
819,3.6922,-3.9585,4.3439,1.3517,0
820,0.29961,7.1328,-0.31475,-1.1828,0
821,-0.62043,0.5587,-0.38587,-0.66423,1
822,1.105,7.4432,0.41099,-3.0332,0
823,-0.66008,-3.2260000000000004,3.8058,1.1836,1
824,3.884,10.0277,-3.9298,-4.0819,0
825,0.8960600000000001,10.5471,-1.4175,-4.0327,0
826,1.2309,3.8923,-4.8277,-4.0069,1
827,2.5328,7.528,-0.41929,-2.6478,0
828,-0.91718,9.9884,1.1804,-5.2263,0
829,0.5415,6.0319,1.6825,-0.46122,0
830,-0.7034600000000001,2.957,-3.5947,-3.1457,1
831,3.3951,1.1484,2.1401,2.0862,0
832,3.2303,7.8384,-3.5348,-1.2151,0
833,1.5904,2.2121,-3.1183,-0.11725,1
834,-0.36025,-4.449,2.1067,0.94308,1
835,-1.1804,11.5093,0.15565,-6.8194,0
836,-1.4106,-7.108,5.6454,0.31335,1
837,1.0009,7.7846,-0.28219,-2.6608,0
838,0.8887200000000001,5.3449,2.045,-0.19355,0
839,-1.1306,1.8458,-1.3575,-1.3806,1
840,0.88444,6.5906,0.55837,-0.44182,0
841,-0.61442,-0.091058,-0.31818,0.5021399999999999,1
842,-1.5228,-6.4789,5.7568,0.87325,1
843,5.8862,5.8747,-2.8167,-0.30087,0
844,-1.2537,10.8803,1.931,-4.3237,0
845,-0.2062,9.2207,-3.7044,-6.8103,0
846,-0.64326,2.4748,-2.9452,-1.0276,1
847,-1.5078,-7.3191,7.8981,1.2289,1
848,4.2458,1.1981,0.66633,0.94696,0
849,-2.4473,12.6247,0.73573,-7.6612,0
850,4.9264,5.496,-2.4774,-0.50648,0
851,2.3925,9.798,-3.0361,-2.8224,0
852,-0.12624000000000002,10.3216,-3.7121,-6.1185,0
853,-1.4427,3.2922,-1.9702,-3.4392,1
854,4.0329,0.23175,0.8908200000000001,1.1823,0
855,2.2928,9.0386,-3.2417,-1.2991,0
856,4.1425,-3.6792,3.8281,1.6297,0
857,4.3239,-4.8835,3.4356,-0.5776,0
858,1.4507,8.7903,-2.2324,-0.65259,0
859,-0.93587,-5.1008,4.5367,1.3866,1
860,0.3292,-4.4552,4.5718,-0.9888,0
861,2.3952,9.5083,-3.1783,-3.0086,0
862,-1.3414,-1.9162,-0.15538,-0.11984000000000003,1
863,-2.0759,10.8223,2.6439,-4.837,0
864,3.4985,3.1639,0.22677,-0.1651,0
865,1.3518,1.0595,-2.3437,0.39998,1
866,4.1373,0.49248,1.093,1.8276,0
867,3.4805,9.7008,-3.7541,-3.4379,0
868,-2.4198,-0.24418,0.7014600000000001,0.41809,1
869,-1.7582,2.7397,-2.5323,-2.234,1
870,-3.5741,3.944,-0.07912000000000001,-2.1203,1
871,2.3917,4.5565,-4.9888,-2.8987,1
872,0.58982,7.4266,1.2353,-2.9595,0
873,2.5581,2.6218,1.8513,0.40257,0
874,-1.5951,-6.572,4.7689,-0.94354,1
875,3.5127,2.9073,1.0579,0.40774,0
876,3.2032,5.7588,-0.75345,-0.61251,0
877,0.8620200000000001,2.6963,4.2908,0.5473899999999999,0
878,-0.49281,3.0605,-1.8356,-2.8339999999999996,1
879,-1.7559,11.9459,3.0946,-4.8978,0
880,3.4769,-0.15314,2.53,2.4495,0
881,-1.3995,-1.9162,2.5154,0.59912,1
882,0.2346,-4.5152,2.1195,1.4448,1
883,-1.9116,-6.1603,5.606,0.48533,1
884,2.3136,10.6651,-3.5288,-4.7672,0
885,0.77805,6.6424,-1.1425,-1.0573,0
886,2.9499,2.2493,1.3458,-0.037083,0
887,-0.3489,3.1929,-3.4054,-3.1832,1
888,-1.7589,-6.4624,8.4773,0.31981,1
889,1.5902,2.2948,3.2403,0.18404,0
890,0.68087,2.3259,4.9085,0.54998,0
891,1.1315,7.9212,1.093,-2.8444,0
892,-2.6479,10.1374,-1.331,-5.4707,0
893,-1.6952,1.0657,8.8294,0.94955,0
894,2.6946,6.7976,-0.40301,0.44912,0
895,5.591,10.4643,-4.3839,-4.3379,0
896,1.3114,4.5462,2.2935,0.22541,0
897,3.5156,10.1891,-4.2759,-4.978,0
898,2.0165,-0.25246,5.1707,1.0763,0
899,-2.1241,-6.8969,5.5992,-0.47156,1
900,5.2012,0.32694,0.17965,1.1797,0
901,2.1526,-6.1665,8.0831,-0.34355,0
902,3.9772,0.33521,2.2566,2.1625,0
903,-1.3389,1.5519999999999998,7.0806,1.031,0
904,-2.2527,11.5321,2.5899,-3.2737,0
905,0.63655,5.2022,-5.2159,-6.1211,1
906,3.5912,3.0129,0.72888,0.56421,0
907,-2.4824,-7.3046,6.8389999999999995,-0.59053,1
908,-2.0285,3.8468,-0.63435,-1.175,1
909,1.9647,6.9383,0.57722,0.66377,0
910,-1.4377,-1.432,2.1144,0.42067,1
911,-1.0555,0.79459,-1.6968,-0.46768,1
912,1.2279,4.0309,-4.6435,-3.9125,1
913,2.031,1.8519999999999999,-3.0121,0.003003,1
914,2.9939999999999998,7.2011,-1.2153,0.3211,0
915,4.5645,-3.6275,2.8684,0.27714,0
916,-2.2183,-1.254,2.9986,0.36378,1
917,-6.5235,9.6014,-0.25392,-6.9642,1
918,0.55298,-3.4619,1.7048,1.1008,1
919,-0.62684,-6.301,4.7843,1.1059999999999999,1
920,1.8314,6.3672,-0.036278,0.049554,0
921,4.1736,3.3336,-1.4244,0.60429,0
922,1.7452,4.8028,2.0878,0.62627,0
923,-0.36279,8.2895,-1.9213,-3.3332,0
924,5.4944,1.5478,0.041694,1.9284,0
925,3.5499,8.6165,-3.2794,-1.2009,0
926,-2.8267,-9.0407,9.0694,-0.98233,1
927,0.9297,-3.7971,4.6429,-0.2957,0
928,4.0422,-4.391,4.7466,1.137,0
929,2.2279,4.0951,-4.8037,-2.1112,1
930,-1.682,-6.8121,7.1398,1.3323,1
931,2.6719,3.0646,0.37158,0.58619,0
932,4.3398,-5.3036,3.8803,-0.70432,0
933,-3.5359,0.30417,0.6569,-0.2957,1
934,0.96441,5.8395,2.3235,0.066365,0
935,3.583,-3.7971,3.4391,-0.12500999999999998,0
936,-0.048008,-1.6037,8.4756,0.75558,0
937,-1.9983,-6.6072,4.8254,-0.41984,1
938,-1.8411,10.8306,2.7689999999999997,-3.0901,0
939,-0.56877,1.4174,-1.4252,-1.1246,1
940,-2.1234,1.1815,-0.55552,-0.81165,1
941,-2.5639999999999996,-1.7051,1.5026,0.32757,1
942,6.0919,2.9673,-1.3267,1.4551,0
943,3.5189,6.332000000000001,-1.7791,-0.020273,0
944,-0.8172,3.3812,-3.6684,-3.4560000000000004,1
945,-4.1429,2.7749,0.68261,-0.7198399999999999,1
946,-0.11996,6.8741,0.91995,-0.6694,0
947,1.518,5.6946,0.094818,-0.026738,0
948,-2.6479,10.1374,-1.331,-5.4707,0
949,0.64376,3.764,-4.4738,-4.0483,1
950,3.5458,9.3718,-4.0351,-3.9564,0
951,0.5706,-0.0248,1.2421,-0.5621,0
952,3.3669,-5.1856,3.6935,-1.1427,0
953,2.3164,-2.628,3.1529,-0.08622,0
954,-3.7244,1.9037,-0.035421,-2.5095,1
955,-0.7056,8.7241,2.2215,-4.5965,0
956,-2.7611,-10.5099,9.0239,-1.9547,1
957,-4.9447,3.3005,1.063,-1.444,1
958,0.6818,4.8504,-5.2133,-6.1043,1
959,-1.0744,-6.3113,5.355,0.80472,1
960,0.3798,0.7098,0.7572,-0.4444,0
961,4.7926,1.7071,-0.051701,1.4926,0
962,-1.8439,-8.6475,7.6796,-0.66682,1
963,0.3434,0.12415,-0.28733000000000003,0.14654,1
964,0.48797,3.5674,-4.3882,-3.8116,1
965,-0.21661,8.0329,1.8848,-3.8853,0
966,-5.2943,-5.1463,10.3332,-1.1181,1
967,-0.89569,3.0025,-3.6067,-3.4457,1
968,-2.2261,12.5398,2.9438,-3.5258,0
969,2.229,9.6325,-3.1123,-2.7164,0
970,-0.36038,4.1158,3.1143,-0.37199,0
971,0.96574,8.392999999999999,-1.361,-1.4659,0
972,-0.2062,9.2207,-3.7044,-6.8103,0
973,-2.9662,-10.3257,8.783999999999999,-2.1138,1
974,-4.6338,-12.7509,16.7166,-3.2168,1
975,1.8993,7.6625,0.15394000000000002,-3.1108,0
976,-2.9915,-6.6258,8.6521,1.8198,1
977,2.1943,4.5503,-4.976,-2.7254,1
978,-3.5713,-12.4922,14.8881,-0.47027,1
979,-5.4808,8.1819,0.27818000000000004,-5.0323,1
980,-4.8426,-4.9932,10.4052,-0.53104,1
981,-4.0218,-8.304,12.555,-1.5099,1
982,-3.2778,1.8023,0.1805,-2.3931,1
983,0.83625,1.1071,-2.4706,-0.062945,1
984,3.966,3.9213,0.7057399999999999,0.33662,0
985,0.74841,7.2756,1.1504,-0.5388,0
986,4.2188,6.8162,-1.2804,0.76076,0
987,4.9852,8.3516,-2.5425,-1.2823,0
988,5.086,3.2798,-1.2701,1.1189,0
989,0.7589600000000001,0.29176,-1.6506,0.83834,1
990,2.0597,-0.99326,5.2119,-0.29312,0
991,-2.659,-1.6058,1.3647,0.16464,1
992,-6.2815,6.6651,0.52581,-7.0107,1
993,-0.40951,-0.15521,0.060545,-0.08880700000000001,1
994,2.6463,-4.8152,6.3549,0.003003,0
995,5.7353,5.2808,-2.2598,0.075416,0
996,1.594,4.7055,1.3758,0.08188200000000001,0
997,2.0911,0.94358,4.5512,1.234,0
998,1.9321,6.0423,0.26019000000000003,-2.053,0
999,3.404,8.7261,-2.9915,-0.5724199999999999,0
1000,-0.11783,-1.5789,8.03,-0.028031,0
1001,0.5706,-0.0248,1.2421,-0.5621,0
1002,4.6562,7.6398,-2.4243,-1.2384,0
1003,-4.6765,-5.6636,10.969000000000001,-0.33449,1
1004,-0.78289,11.3603,-0.37644,-7.0495,0
1005,5.032,8.2026,-2.6256,-1.0341,0
1006,1.6032,-4.7863,8.5193,-2.1203,0
1007,3.4893,6.69,-1.2042,-0.38751,0
1008,3.9899,-2.7066,2.3946,0.8629100000000001,0
1009,0.46901,-0.63321,7.3848,0.36507,0
1010,-1.9966,-9.5001,9.682,-0.12889,1
1011,-1.1667,-1.4237,2.9241,0.6611899999999999,1
1012,-3.7573,-8.2916,10.3032,0.38059,1
1013,4.0680000000000005,-2.9363,2.1992,0.50084,0
1014,2.2123,-5.8395,7.7687,-0.8530200000000001,0
1015,0.77445,9.0552,-2.4089,-1.3884,0
1016,-1.8219,-6.8824,5.4681,0.057313,1
1017,-0.8734,-0.033118,-0.20165,0.55774,1
1018,2.549,6.1499,-1.1605,-1.2371,0
1019,-3.5933,0.22968,0.7126,-0.3332,1
1020,-6.1536,7.9295,0.61663,-3.2646,1
1021,-2.3221,-9.3304,9.232999999999999,-0.79871,1
1022,0.81583,4.84,-5.2613,-6.0823,1
1023,-0.3481,-0.38696,-0.4784100000000001,0.62627,1
1024,4.4069,10.9072,-4.5775,-4.4271,0
1025,-3.3793,-13.7731,17.9274,-2.0323,1
1026,-0.59587,2.4811,-2.8673,-0.89828,1
1027,-4.244,-13.0634,17.1116,-2.8017,1
1028,3.7439999999999998,0.79459,0.95851,1.0077,0
1029,-2.3211,3.1660000000000004,-1.0002,-2.7151,1
1030,4.7432,2.1086,0.1368,1.6543,0
1031,-2.3518,-4.8359,6.6479,-0.060358,1
1032,-2.4554,-9.0407,8.862,-0.8698299999999999,1
1033,2.0843,6.6258,0.48382,-2.2134,0
1034,3.5152,6.8224,-0.67377,-0.46898,0
1035,-0.45062,-1.3678,7.0858,-0.40303,0
1036,-0.023579,7.1742,0.78457,-0.75734,0
1037,-0.29858,2.4769,-2.9512,-0.66165,1
1038,-1.8584,7.886,-1.6643,-1.8384,0
1039,0.58836,10.7727,-1.3884,-4.3276,0
1040,5.4021,3.1039,-1.1536,1.5651,0
1041,0.91315,3.3377,-4.0557,-1.6741,1
1042,0.32924000000000003,-4.4552,4.5718,-0.9888,0
1043,2.1881,2.7356,1.3278,-0.1832,0
1044,4.4549,2.4976,1.0313,0.96894,0
1045,0.74307,11.17,-1.3824,-4.0728,0
1046,5.2868,3.2569999999999997,-1.3721,1.1668,0
1047,1.4578,-0.08485,4.1785,0.59136,0
1048,0.7057,-5.4981,8.3368,-2.8715,0
1049,-0.63298,-5.1277,4.5624,1.4797,1
1050,3.9121,2.9735,0.92852,0.60558,0
1051,-7.0421,9.2,0.25933,-4.6832,1
1052,0.3292,-4.4552,4.5718,-0.9888,0
1053,-1.5681,-7.2446,6.5537,-0.1276,1
1054,0.61652,3.8944,-4.7275,-4.3948,1
1055,1.8238,-6.7748,8.3873,-0.5413899999999999,0
1056,0.3292,-4.4552,4.5718,-0.9888,0
1057,-2.1786,-6.4479,6.0344,-0.20777,1
1058,0.52374,3.6439999999999997,-4.0746,-1.9909,1
1059,-6.1632,8.7096,-0.21621,-3.6345,1
1060,0.004054,0.62905,-0.6412100000000001,0.75817,1
1061,-1.5075,1.9224,7.1466,0.89136,0
1062,1.2198,2.0982,-3.1954,0.12843,1
1063,-0.60254,1.7237,-2.1501,-0.77027,1
1064,-6.7387,6.9879,0.67833,-7.5887,1
1065,2.5635,6.7769,-0.61979,0.38576,0
1066,2.3678,-6.8389999999999995,8.4207,-0.44829,0
1067,-1.4454,-8.4385,8.8483,0.96894,1
1068,-3.3203,-0.026910000000000003,2.9618,-0.44958,1
1069,1.7331,3.9544,-4.7412,-2.5017,1
1070,1.1166,8.6496,-0.96252,-1.8112,0
1071,-1.5768,10.843,2.5462,-2.9362,0
1072,-1.3971,3.3191,-1.3927,-1.9948,1
1073,-2.5961,-9.349,9.7942,-0.28018000000000004,1
1074,2.805,0.5773199999999999,1.3424,1.2133,0
1075,4.1542,7.2756,-2.4766,-1.2099,0
1076,-2.6685,-10.4519,9.1139,-1.7323,1
1077,0.33565,6.8369,0.69718,-0.55691,0
1078,2.7365,-5.0325,6.6608,-0.57889,0
1079,3.7522,-3.6978,3.9943,1.3051,0
1080,5.7823,5.5788,-2.4089,-0.056479,0
1081,3.7767,9.7794,-3.9075,-3.5323,0
1082,-0.6987899999999999,-3.3771,4.1211,1.5043,1
1083,-2.3277,1.4381,-0.82114,-1.2862,1
1084,3.9292,-2.9156,2.2129,0.30817,0
1085,3.3756,-4.0951,4.367,1.0698,0
1086,0.59823,3.5012,-3.9795,-1.7841,1
1087,-3.6053,-5.974,10.0916,-0.8284600000000001,1
1088,-4.2091,4.7283,-0.49126,-5.2159,1
1089,4.1927,-3.2674,2.5839,0.21766,0
1090,4.9362,7.6046,-2.3429,-0.8530200000000001,0
1091,-4.2932,3.3419,0.77258,-0.99785,1
1092,2.8523,9.0096,-3.761,-3.3371,0
1093,0.5706,-0.0248,1.2421,-0.5621,0
1094,2.565,8.633,-2.9941,-1.3082,0
1095,4.1665,-0.4449,0.23448,0.27843,0
1096,-0.4294,-0.14693,0.044265,-0.15605,1
